,OBJECTID,RSID_left,CLASS_left,NAME,USRN_left,CROSSREFER_left,ENTRY_DATE_left,ROAD_NUMBE_left,ESU_left,FROM_END_left,TO_END_left,TEMP_left,ENABLED_left,MetrepMin_left,Length_left,Minutes_left,Id_left,geometry,index_right,Key,RSID_right,CLASS_right,NAME_1,USRN_right,CROSSREFER_right,ENTRY_DATE_right,ROAD_NUMBE_right,ESU_right,FROM_END_right,TO_END_right,TEMP_right,ENABLED_right,MetrepMin_right,Length_right,Minutes_right,OBJECTID_2,Id_right,NAME_2,ET_ID,Shape_Leng,Shape_Area
0,494,5016963.0,U,ROSCOR BRIDGE ROAD,35125.0,0.0,2006-11-07,C0710,154968,0,0,,1,533.3333,219.0499,0.4107,0,"LINESTRING (198689.32299999997 358522.489, 198699.64399999997 358492.21, 198706.35487153192 358473.042836412)",,,,,,,,,,,,,,,,,,,,,,,
1,2150,5000031.0,A,DUBLIN ROAD,3106.0,0.0,2006-11-07,A0004,154986,0,0,,1,1466.6667,294.1398,0.2005,0,"LINESTRING (224494.05200000003 343055.079, 224499.94900000002 343039.127, 224514.29200000002 343000.972, 224528.53499999997 342963.866, 224547.67700000003 342921.409, 224550.17099999997 342915.988, 224562.12300000002 342890.003, 224581.21500000003 342850.946, 224586.45209237587 342841.07985881873)",,,,,,,,,,,,,,,,,,,,,,,
2,2898,5009520.0,U,HALLS LANE,14690.0,0.0,2006-11-07,U6518,67551,0,0,,1,533.3333,86.9605,0.1631,0,"LINESTRING (223448.934 344387.25, 223444.799 344380.625, 223439.64500000002 344372.328, 223439.20400000003 344371.618, 223425.928 344351.24, 223418.375 344339.371, 223408.869 344324.016, 223402.782 344313.56)",,,,,,,,,,,,,,,,,,,,,,,
3,2923,5009275.0,U,KINARLA PARK,30491.0,0.0,2006-11-07,U6307,31291,0,0,,1,533.3333,6.8633,0.0129,0,"LINESTRING (221767.20500000002 345205.289, 221762.831 345200)",,,,,,,,,,,,,,,,,,,,,,,
4,2952,5009456.0,U,LOUGHYOAN ROAD,30612.0,0.0,2006-11-07,U6513,15718,0,0,,1,533.3333,112.3841,0.2107,0,"LINESTRING (224494.05200000003 343055.079, 224497.86588429922 343055.2882181548)",,,,,,,,,,,,,,,,,,,,,,,
5,2963,5009533.0,U,DARLING STREET,4754.0,0.0,2006-11-07,U6523,62369,0,0,,1,533.3333,3.4685,0.0065,0,"LINESTRING (223209.641 344325.779, 223206.29700000002 344326.7)",,,,,,,,,,,,,,,,,,,,,,,
6,3465,5005162.0,A,BOA ISLAND ROAD,32505.0,0.0,2006-11-07,A0047,5338,0,0,,1,1466.6667,495.0549,0.3375,0,"LINESTRING (206952.039 362352.68, 206983.191 362341.228, 207010.69300000003 362329.909, 207010.99484903674 362329.81903157965)",,,,,,,,,,,,,,,,,,,,,,,
7,3466,5009257.0,U,LISGOOLE PARK,20277.0,0.0,2006-11-07,U6303,67627,0,0,,1,533.3333,14.3832,0.027,0,"LINESTRING (222069.84399999998 342508.32, 222070.642 342503.162, 222071.51400000002 342498.003, 222072.14899999998 342494.123)",,,,,,,,,,,,,,,,,,,,,,,
8,3524,5011032.0,U,ROSSIGH ROAD,35158.0,0.0,2006-11-07,U0542,57335,0,0,,1,533.3333,284.9965,0.5344,0,"LINESTRING (218149.305 355842.237, 218154.43800000002 355847.956, 218163.71399999998 355856.189, 218166.0648000001 355858.20311189094)",,,,,,,,,,,,,,,,,,,,,,,
9,3615,5010983.0,U,VALLEY ROAD,35771.0,0.0,2006-11-07,U6503,134514,0,0,,1,533.3333,301.3337,0.565,0,"LINESTRING (219618.098 354463.821, 219628.40399999998 354471.58, 219648.581 354484.746, 219662.13199999998 354493.575, 219669.25900000002 354497.716, 219680.936 354501.633, 219691.821 354504.096, 219712.195 354508.562, 219738.113 354513.861, 219758.63900000002 354517.779, 219772.61599999998 354521.709, 219780.34499999997 354525.404, 219795.13799999998 354535.639, 219814.89899999998 354551.603, 219834.956 354568.57, 219854.173 354583.331, 219869.104 354595.817, 219878.66600000003 354602.723)",,,,,,,,,,,,,,,,,,,,,,,
10,3653,5009330.0,U,DERRYGORE ROAD,33231.0,0.0,2006-11-07,U6501,77933,0,0,,1,533.3333,942.6644,1.7675,0,"LINESTRING (223441.97666165075 345773.34976145974, 223479.092 345785.532, 223518.9480743934 345799.82848309487)",,,,,,,,,,,,,,,,,,,,,,,
11,3669,5009293.0,U,CAPPOG ROAD,32660.0,0.0,2006-11-07,U6311,144738,0,0,,1,533.3333,225.8453,0.4235,0,"LINESTRING (221987.36791278116 342248.52784151386, 221991.50377231895 342252.9291863064)",,,,,,,,,,,,,,,,,,,,,,,
12,3672,5009293.0,U,CAPPOG ROAD,32660.0,0.0,2006-11-07,U6311,15821,0,0,,1,533.3333,15.7223,0.0295,0,"LINESTRING (222236.28499999997 342528.995, 222235.99599999998 342524.346, 222235.35700000002 342519.595, 222232.468 342514.99, 222231.928 342514.354)",,,,,,,,,,,,,,,,,,,,,,,
13,3673,5009293.0,U,CAPPOG ROAD,32660.0,0.0,2006-11-07,U6311,154997,0,0,,1,533.3333,45.1243,0.0846,0,"LINESTRING (222231.928 342514.354, 222224.99 342506.175, 222208.24945725416 342488.72372409515)",,,,,,,,,,,,,,,,,,,,,,,
14,3703,5009275.0,U,KINARLA PARK,30491.0,0.0,2006-11-07,U6307,36503,0,0,,1,533.3333,31.3206,0.0587,0,"LINESTRING (221762.831 345200, 221757.06900000002 345192.552, 221753.00699999998 345185.22, 221749.94300000003 345181.021, 221747.147 345177.573, 221744.19400000002 345175.049)",,,,,,,,,,,,,,,,,,,,,,,
15,3704,5009275.0,U,KINARLA PARK,30491.0,0.0,2006-11-07,U6307,15833,0,0,,1,533.3333,115.5318,0.2166,0,"LINESTRING (221744.19400000002 345175.049, 221741.298 345168.652, 221737.517 345157.624, 221735.539 345152.084, 221734.474 345148.027, 221734.24800000002 345145.151, 221734.80099999998 345141.832, 221736.55800000002 345138.099, 221738.515 345134.367, 221740.963 345131.664, 221743.783 345129.189, 221747.197 345127.594, 221750.73700000002 345125.775, 221755.19400000002 345124.938, 221758.69 345125.442, 221762.00799999997 345126.245, 221765.724 345127.277, 221768.735 345128.877, 221770.892 345131.019, 221773.44300000003 345133.839, 221775.54499999998 345136.507, 221777.315 345140.071, 221779.02899999998 345144.258, 221780.523 345147.795, 221781.58500000002 345152.377, 221782.67200000002 345156.785, 221783.50799999997 345163.196)",,,,,,,,,,,,,,,,,,,,,,,
16,3735,5009257.0,U,LISGOOLE PARK,20277.0,0.0,2006-11-07,U6303,129414,0,0,,1,533.3333,50.858,0.0954,0,"LINESTRING (222100.566 342617.858, 222097.11 342612.393, 222090.142 342600.914, 222081.24099999998 342591.053, 222074.032 342582.853, 222069.876 342577.52)",,,,,,,,,,,,,,,,,,,,,,,
17,3736,5009257.0,U,LISGOOLE PARK,20277.0,0.0,2006-11-07,U6303,149874,0,0,,1,533.3333,16.7959,0.0315,0,"LINESTRING (222069.876 342577.52, 222067.564 342573.768, 222065.227 342567.741, 222065.09100000001 342561.818)",,,,,,,,,,,,,,,,,,,,,,,
18,3737,5009257.0,U,LISGOOLE PARK,20277.0,0.0,2006-11-07,U6303,109000,0,0,,1,533.3333,47.6879,0.0894,0,"LINESTRING (222065.09100000001 342561.818, 222066.92200000002 342550.15, 222068.68199999997 342541.307, 222070.24 342532.441, 222071.26799999998 342522.881, 222071.314 342517.579, 222070.95899999997 342514.659)",,,,,,,,,,,,,,,,,,,,,,,
19,3738,5009257.0,U,LISGOOLE PARK,20277.0,0.0,2006-11-07,U6303,160170,0,0,,1,533.3333,6.4363,0.0121,0,"LINESTRING (222070.95899999997 342514.659, 222069.84399999998 342508.32)",,,,,,,,,,,,,,,,,,,,,,,
20,3739,5009257.0,U,LISGOOLE PARK,20277.0,0.0,2006-11-07,U6303,88225,0,0,,1,533.3333,30.3623,0.0569,0,"LINESTRING (222072.14899999998 342494.123, 222074.822 342489.045, 222078.49099999998 342481.107, 222081.087 342470.881, 222082.65999999997 342465.79)",,,,,,,,,,,,,,,,,,,,,,,
21,3740,5009257.0,U,LISGOOLE PARK,20277.0,0.0,2006-11-07,U6303,41773,0,0,,1,533.3333,56.2777,0.1055,0,"LINESTRING (222082.65999999997 342465.79, 222082.18 342457.97, 222080.262 342448.939, 222077.897 342442.562, 222073.108 342433.887, 222067.00400000002 342423.699, 222062.35700000002 342419.121, 222060.146 342415.668)",,,,,,,,,,,,,,,,,,,,,,,
22,3744,5009258.0,U,LISGOOLE PARK,20277.0,0.0,2006-11-07,U6303,155007,0,0,,1,533.3333,25.7899,0.0484,0,"LINESTRING (222069.876 342577.52, 222073.935 342575.804, 222080.515 342573.812, 222087.38199999998 342573.043, 222094.876 342571.789)",,,,,,,,,,,,,,,,,,,,,,,
23,3745,5009259.0,U,LISGOOLE PARK,20277.0,0.0,2006-11-07,U6303,160171,0,0,,1,533.3333,73.2807,0.1374,0,"LINESTRING (222004.76400000002 342534.445, 222006.669 342537.762, 222009.67200000002 342540.581, 222013.19199999998 342542.52, 222016.576 342543.436, 222019.951 342543.377, 222024.597 342542.979, 222029.00900000002 342544.16, 222031.825 342548.156, 222035.27899999998 342553.396, 222039.303 342558.204, 222043.54700000002 342562.437, 222049.109 342563.631, 222055.25 342562.743, 222065.09100000001 342561.818)",,,,,,,,,,,,,,,,,,,,,,,
24,3746,5009261.0,U,LISGOOLE PARK,20277.0,0.0,2006-11-07,U6303,160172,0,0,,1,533.3333,30.193,0.0566,0,"LINESTRING (222055.31 342529.468, 222056.00699999998 342524.286, 222056.374 342518.582, 222057.22100000002 342513.398, 222060.49099999998 342510.515, 222064.902 342509.095, 222069.84399999998 342508.32)",,,,,,,,,,,,,,,,,,,,,,,
25,3747,5009260.0,U,LISGOOLE PARK,20277.0,0.0,2006-11-07,U6303,41774,0,0,,1,533.3333,56.6373,0.1062,0,"LINESTRING (222094.772 342518.216, 222094.668 342520.808, 222094.772 342523.296, 222095.28999999998 342525.991, 222096.119 342528.063, 222097.778 342529.723, 222100.474 342530.552, 222104.62 342530.655, 222108.663 342530.345, 222112.396 342529.516, 222114.055 342528.272, 222114.98700000002 342526.613, 222114.90899999999 342524.651, 222114.885 342524.021, 222114.365 342521.533, 222112.396 342520.187, 222107.83399999997 342519.875, 222102.858 342519.771, 222099.43699999998 342519.045, 222096.119 342518.008, 222094.772 342518.216)",,,,,,,,,,,,,,,,,,,,,,,
26,3748,5009260.0,U,LISGOOLE PARK,20277.0,0.0,2006-11-07,U6303,52075,0,0,,1,533.3333,24.8372,0.0466,0,"LINESTRING (222070.95899999997 342514.659, 222079.325 342514.587, 222085.131 342514.484, 222089.07 342514.898, 222092.387 342516.142, 222094.772 342518.216)",,,,,,,,,,,,,,,,,,,,,,,
27,3751,5009255.0,U,DRUMGALLON,30059.0,0.0,2006-11-07,U6303,129415,0,0,,1,533.3333,101.2526,0.1898,0,"LINESTRING (222134.565 342542.034, 222144.234 342538.765, 222159.212 342534.088, 222174.02000000002 342529.937, 222192.21600000001 342524.703, 222200 342522.899, 222219.265 342517.71, 222231.928 342514.354)",,,,,,,,,,,,,,,,,,,,,,,
28,3755,5009250.0,U,LISGOOLE PARK,20277.0,0.0,2006-11-07,U6303,57363,0,0,,1,533.3333,52.7316,0.0989,0,"LINESTRING (222026.669 342487.636, 222032.77500000002 342487.121, 222041.58399999997 342485.557, 222047.58899999998 342483.446, 222050.07299999997 342481.896, 222054.798 342479.448, 222059.67700000003 342482.248, 222063.85499999998 342487.38, 222067.571 342491.393, 222072.14899999998 342494.123)",,,,,,,,,,,,,,,,,,,,,,,
29,3756,5009251.0,U,LISGOOLE PARK,20277.0,0.0,2006-11-07,U6303,26117,0,0,,1,533.3333,38.7271,0.0726,0,"LINESTRING (222082.65999999997 342465.79, 222088.86865632643 342465.0649482859)",,,,,,,,,,,,,,,,,,,,,,,
30,3758,5009252.0,U,LISGOOLE PARK,20277.0,0.0,2006-11-07,U6303,114185,0,0,,1,533.3333,35.3807,0.0663,0,"LINESTRING (222028.803 342431.94, 222036.04499999998 342427.913, 222044.499 342423.377, 222054.168 342417.854, 222060.146 342415.668)",,,,,,,,,,,,,,,,,,,,,,,
31,3761,0.0,U,DRUMAWILL PARK,2904.0,0.0,2006-11-07,U6303,134525,0,0,,1,533.3333,21.1812,0.0397,0,"LINESTRING (221950.2671658962 342626.2637321858, 221952.61 342625.21, 221956.544 342622.875)",,,,,,,,,,,,,,,,,,,,,,,
32,3789,5009232.0,U,ORCHARD COURT,30887.0,0.0,2006-11-07,U6300,103749,0,0,,1,533.3333,52.1442,0.0978,0,"LINESTRING (222194.6415432077 342660.69585887215, 222197.891 342660.373)",,,,,,,,,,,,,,,,,,,,,,,
33,3790,5000288.0,A,LOUGH SHORE ROAD,30597.0,0.0,2006-11-07,A0046,114189,0,0,,1,1466.6667,265.271,0.1809,0,"LINESTRING (200453.40899999999 357951.679, 200407.32 357936.368, 200355.064 357911.453, 200320.99800000002 357899.904, 200310.227 357896.483, 200288.191 357890.195, 200244.109 357875.77, 200206.94400000002 357864.393, 200203.59399999998 357863.968)",,,,,,,,,,,,,,,,,,,,,,,
34,3806,5009225.0,U,GLENWOOD GARDENS,30274.0,0.0,2006-11-07,U6300,173,0,0,,1,533.3333,61.2711,0.1149,0,"LINESTRING (222057.588 342647.07, 222068.98604428986 342668.1854976089)",,,,,,,,,,,,,,,,,,,,,,,
35,3814,5009514.0,U,CROSS STREET,5072.0,0.0,2006-11-07,U6517,62485,0,0,,1,533.3333,31.1861,0.0585,0,"LINESTRING (223515.961 344210.264, 223516.104 344207.315, 223516.62900000002 344203.043, 223518.006 344198.652, 223518.31886371892 344197.8658616379)",,,,,,,,,,,,,,,,,,,,,,,
36,4114,5000690.0,B,KILLADEAS ROAD,34030.0,0.0,2006-11-07,B0082,88104,0,0,,1,1066.6667,94.8515,0.0889,0,"LINESTRING (219115.55594950568 360528.99766996346, 219117.50400000002 360532.43, 219121.72499999998 360539.236)",,,,,,,,,,,,,,,,,,,,,,,
37,4145,5000675.0,B,MONEA ROAD,0.0,0.0,2006-11-07,B0081,62337,0,0,,1,1066.6667,53.9815,0.0506,0,"LINESTRING (221853.56900000002 345156.864, 221847.87900000002 345146.82, 221841.049 345138.665, 221833.93099999998 345131.982, 221822.51899999997 345121.637, 221817.202 345117.67)",,,,,,,,,,,,,,,,,,,,,,,
38,4680,5009357.0,U,CORBAN AVENUE,11415.0,0.0,2006-11-07,U6501,51998,0,0,,1,533.3333,32.2088,0.0604,0,"LINESTRING (223442.35600000003 345170.598, 223451.287 345166.151, 223463.11599999998 345161.677, 223472.088 345158.304)",,,,,,,,,,,,,,,,,,,,,,,
39,4703,5009522.0,U,HEAD STREET,14812.0,0.0,2006-11-07,U6519,57282,0,0,,1,533.3333,125.6002,0.2355,0,"LINESTRING (223337.947 344344.03, 223313.85600000003 344355.725, 223294.35700000002 344365.033, 223288.24300000002 344367.639, 223262.17599999998 344375.461, 223220.304 344386.693)",,,,,,,,,,,,,,,,,,,,,,,
40,4704,5009520.0,U,HALLS LANE,14690.0,0.0,2006-11-07,U6518,154936,0,0,,1,533.3333,77.3946,0.1451,0,"LINESTRING (223402.782 344313.56, 223400 344308.781, 223391.84600000002 344291.874, 223379.32 344265.499, 223367.66700000002 344244.637)",,,,,,,,,,,,,,,,,,,,,,,
41,6423,5009522.0,U,HEAD STREET,14812.0,0.0,2006-11-07,U6519,52217,0,0,,1,533.3333,71.6412,0.1343,0,"LINESTRING (223402.782 344313.56, 223400 344314.838, 223367.777 344329.635, 223337.947 344344.03)",,,,,,,,,,,,,,,,,,,,,,,
42,6790,5001828.0,A,WELLINGTON ROAD,36968.0,0.0,2006-11-07,A0004,5401,0,0,,1,1466.6667,32.6925,0.0223,0,"LINESTRING (223400 344079.259, 223379.80099999998 344104.965)",,,,,,,,,,,,,,,,,,,,,,,
43,7892,5009231.0,U,ORCHARD COURT,30887.0,0.0,2006-11-07,U6300,31560,0,0,,1,533.3333,101.4843,0.1903,0,"LINESTRING (222128.26074625753 342664.6524560167, 222125.32299999997 342649.991, 222124.722 342646.684, 222125.12199999997 342643.804, 222126.515 342640.798, 222137.87800000003 342631.445, 222140.5 342629.306, 222151.72499999998 342625.594, 222172.072 342618.092)",,,,,,,,,,,,,,,,,,,,,,,
44,7905,5009531.0,U,HIGH STREET,4220.0,0.0,2006-11-07,U6523,36649,0,0,,1,533.3333,26.6179,0.0499,0,"LINESTRING (223464.40000000002 344175.343, 223468.15600000002 344170.607, 223480.776 344154.359)",,,,,,,,,,,,,,,,,,,,,,,
45,7996,5000305.0,A,LOUGH SHORE ROAD,30597.0,0.0,2006-11-07,A0046,41932,0,0,,1,1466.6667,129.5705,0.0883,0,"LINESTRING (203314.75300000003 358319.313, 203245.68300000002 358307.182, 203207.925 358300.974, 203187.049 358297.408)",,,,,,,,,,,,,,,,,,,,,,,
46,8021,5016972.0,A,Q.ELIZABETH ROUNDABOUT,0.0,0.0,2006-11-07,,144906,0,0,,1,1466.6667,19.0236,0.013,0,"LINESTRING (223462.439 344394.304, 223463.42700000003 344396.31, 223463.96500000003 344398.388, 223464.104 344400, 223462.43199999997 344404.213, 223458.43 344407.159, 223455.255 344408.681)",,,,,,,,,,,,,,,,,,,,,,,
47,8699,5016970.0,C,QUEEN ELIZABETH ROAD,6988.0,0.0,2006-11-07,C0709,160254,0,0,,1,666.6667,134.6316,0.2019,0,"MULTILINESTRING ((223462.439 344394.304, 223468.25400000002 344391.589, 223477.902 344387.647, 223487.43199999997 344382.579, 223487.501 344382.538, 223490.30230358595 344380.8840267554), (223518.86349798035 344361.1536629396, 223528.102 344353.124, 223539.212 344342.941, 223548.847 344332.749, 223558.43699999998 344321.607, 223566.66999999998 344311.732))",,,,,,,,,,,,,,,,,,,,,,,
48,9557,5000305.0,A,LOUGH SHORE ROAD,30597.0,0.0,2006-11-07,A0046,114240,0,0,,1,1466.6667,114.438,0.078,0,"LINESTRING (201607.41989472936 357810.26864369836, 201612.34499999997 357811.611)",,,,,,,,,,,,,,,,,,,,,,,
49,12312,5009257.0,U,LISGOOLE PARK,20277.0,0.0,2006-11-07,U6303,129653,0,0,,1,533.3333,38.956,0.073,0,"LINESTRING (222060.146 342415.668, 222058.963 342410.006, 222058.10100000002 342403.914, 222057.38400000002 342400, 222056.30494494006 342394.11608619615)",,,,,,,,,,,,,,,,,,,,,,,
50,14669,5000218.0,A,IRVINESTOWN ROAD,30402.0,0.0,2006-11-07,A0032,119504,0,0,,1,1466.6667,391.1437,0.2667,0,"LINESTRING (223612.321 348399.49, 223623.64899999998 348367.701, 223634.325 348327.254, 223639.83500000002 348290.077, 223642.702 348260.585, 223640.864 348214.66, 223639.913 348144.732, 223637.97100000002 348081.649, 223638.956 348022.788, 223639.30699999997 348012.322)",,,,,,,,,,,,,,,,,,,,,,,
51,14767,5000296.0,A,LOUGH SHORE ROAD,30597.0,0.0,2006-11-07,A0046,93696,0,0,,1,1466.6667,171.2431,0.1168,0,"LINESTRING (213454.90399999998 354961.878, 213451.137 354926.762, 213449.82211910936 354903.92410424707)",,,,,,,,,,,,,,,,,,,,,,,
52,14774,5011005.0,U,,0.0,0.0,2006-11-07,,42122,0,0,,1,533.3333,350.1802,0.6566,0,"LINESTRING (218144.81199999998 357216.098, 218193.994 357227.205, 218233.489 357236.322, 218244.14058065016 357238.79790092673)",,,,,,,,,,,,,,,,,,,,,,,
53,17163,5000344.0,A,DERRYLIN ROAD,29989.0,0.0,2006-11-07,A0509,99141,0,0,,1,1466.6667,1683.8355,1.1481,0,"MULTILINESTRING ((222236.28499999997 342528.995, 222255.012 342515.289, 222277.744 342499.24, 222316.299 342471.528, 222337.7447627228 342454.9926519262), (222645.38786280926 342003.13130878063, 222651.38900000002 341998.3, 222665.84000000003 341986.894, 222686.12199999997 341970.964, 222693.299 341965.586, 222718.77500000002 341948.486, 222739.78269867285 341933.6350005353))",,,,,,,,,,,,,,,,,,,,,,,
54,17165,5000347.0,A,DERRYLIN ROAD,29989.0,0.0,2006-11-07,A0509,93809,0,0,,1,1466.6667,186.9731,0.1275,0,"LINESTRING (223259.32873973696 340495.37394550856, 223259.08899999998 340493.325, 223251.652 340451.249)",,,,,,,,,,,,,,,,,,,,,,,
55,17168,5000347.0,A,DERRYLIN ROAD,29989.0,0.0,2006-11-07,A0509,109436,0,0,,1,1466.6667,1326.7899,0.9046,0,"LINESTRING (223162.9449251938 339800.4215297216, 223162.65000000002 339798.466, 223159.05 339777.795, 223156.408 339765.166, 223151.15060220935 339744.9858712507)",,,,,,,,,,,,,,,,,,,,,,,
56,17394,5000352.0,A,DERRYLIN ROAD,29989.0,0.0,2006-11-07,A0509,647,0,0,,1,1466.6667,11.9746,0.0082,0,"LINESTRING (222057.588 342647.07, 222067.54499999998 342640.418)",,,,,,,,,,,,,,,,,,,,,,,
57,17402,5000309.0,A,BOA ISLAND ROAD,32505.0,0.0,2006-11-07,A0047,114660,0,0,,1,1466.6667,2195.7781,1.4971,0,"LINESTRING (204698.38742974252 362287.81519506534, 204729.89399999997 362297.257, 204759.37199999997 362304.674, 204787.60100000002 362312.404, 204791.39337879696 362313.344524623)",,,,,,,,,,,,,,,,,,,,,,,
58,17406,5000309.0,A,BOA ISLAND ROAD,32505.0,0.0,2006-11-07,A0047,648,0,0,,1,1466.6667,218.4591,0.1489,0,"LINESTRING (202061.54858458214 361537.5868039675, 202047.717 361531.694, 202026.836 361521.342, 202007.64 361508.976, 201985.478 361494.581, 201967.582 361482.056, 201949.517 361467.031, 201923.25300000003 361445.613, 201920.4151500648 361443.3648931604)",,,,,,,,,,,,,,,,,,,,,,,
60,17419,5000309.0,A,BOA ISLAND ROAD,32505.0,0.0,2006-11-07,A0047,124787,0,0,,1,1466.6667,4722.9324,3.2202,0,"LINESTRING (213784.18405530186 364246.3236377914, 213788.124 364251.687, 213842.485 364312.063, 213891.349 364367.182, 213929.849 364408.339, 213958.19400000002 364439.69, 213982.76 364463.75, 213993.48100000003 364471.812)",,,,,,,,,,,,,,,,,,,,,,,
61,17474,5000295.0,A,LOUGH SHORE ROAD,30597.0,0.0,2006-11-07,A0046,150354,0,0,,1,1466.6667,207.9912,0.1418,0,"LINESTRING (221528.45609967734 345430.52836807806, 221531.59100000001 345427.187, 221542.16499999998 345415.622, 221553.729 345403.05, 221563.244 345393.344, 221574.41999999998 345382.199, 221587.484 345369.538, 221595.46000000002 345361.43, 221600 345356.958, 221608.57799999998 345348.368)",,,,,,,,,,,,,,,,,,,,,,,
62,17478,5000295.0,A,LOUGH SHORE ROAD,30597.0,0.0,2006-11-07,A0046,140132,0,0,,1,1466.6667,214.0081,0.1459,0,"LINESTRING (221608.57799999998 345348.368, 221621.89500000002 345335.258, 221646.12099999998 345311.947, 221647.67599999998 345310.451, 221669.37900000002 345288.609, 221688.979 345269.8, 221706.239 345253.078, 221718.418 345242.286, 221733.93699999998 345229.316, 221749.842 345217.04, 221767.20500000002 345205.289)",,,,,,,,,,,,,,,,,,,,,,,
63,17479,5000295.0,A,LOUGH SHORE ROAD,30597.0,0.0,2006-11-07,A0046,109467,0,0,,1,1466.6667,99.0337,0.0675,0,"LINESTRING (221767.20500000002 345205.289, 221775.79599999997 345200, 221798.865 345186.961, 221823.50199999998 345173.701, 221845.10700000002 345161.24, 221853.56900000002 345156.864)",,,,,,,,,,,,,,,,,,,,,,,
64,17480,5000295.0,A,LOUGH SHORE ROAD,30597.0,0.0,2006-11-07,A0046,83655,0,0,,1,1466.6667,71.1161,0.0485,0,"LINESTRING (221853.56900000002 345156.864, 221869.05699999997 345149.324, 221888.99138972786 345139.06264449825)",,,,,,,,,,,,,,,,,,,,,,,
65,19380,5000305.0,A,LOUGH SHORE ROAD,30597.0,0.0,2006-11-07,A0046,129981,0,0,,1,1466.6667,80.7799,0.0551,0,"LINESTRING (201612.34499999997 357811.611, 201632.363 357817.1, 201659.08299999998 357822.286, 201679.19900000002 357827.925, 201690.68 357831.104)",,,,,,,,,,,,,,,,,,,,,,,
66,19387,5000305.0,A,LOUGH SHORE ROAD,30597.0,0.0,2006-11-07,A0046,16364,0,0,,1,1466.6667,1526.4547,1.0408,0,"LINESTRING (203314.75300000003 358319.313, 203368.95299999998 358326.412, 203433.55395539672 358336.40494500106)",,,,,,,,,,,,,,,,,,,,,,,
67,19392,5000290.0,A,LOUGH SHORE ROAD,30597.0,0.0,2006-11-07,A0046,129982,0,0,,1,1466.6667,264.3137,0.1802,0,"LINESTRING (193847.06376401652 358674.00989373965, 193847.91700000002 358673.519, 193863.951 358664.958, 193924.88400000002 358629.775)",,,,,,,,,,,,,,,,,,,,,,,
68,19393,5000290.0,A,LOUGH SHORE ROAD,30597.0,0.0,2006-11-07,A0046,11109,0,0,,1,1466.6667,921.2276,0.6281,0,"LINESTRING (193924.88400000002 358629.775, 193964.375 358610.888, 194000 358590.588, 194027.31699999998 358575.47, 194083.674 358542.662, 194141.38 358509.701, 194173.78000000003 358492.539, 194194.62093295486 358480.0954784166)",,,,,,,,,,,,,,,,,,,,,,,
69,19396,5000305.0,A,LOUGH SHORE ROAD,30597.0,0.0,2006-11-07,A0046,83693,0,0,,1,1466.6667,660.5641,0.4504,0,"MULTILINESTRING ((201690.68 357831.104, 201703.76557327854 357834.13883461646), (201735.45763054508 357842.0388384155, 201740.80699999997 357843.502, 201754.62199999997 357848.899, 201781.358 357859.53, 201812.71999999997 357873.545, 201841.18699999998 357886.74, 201870.51299999998 357898.741, 201898.74300000002 357909.985, 201927.864 357922.585, 201955.3685442334 357932.7989589609))",,,,,,,,,,,,,,,,,,,,,,,
70,19398,5000296.0,A,LOUGH SHORE ROAD,30597.0,0.0,2006-11-07,A0046,114720,0,0,,1,1466.6667,475.2317,0.324,0,"LINESTRING (213080.15552027873 355699.46799668064, 213073.789 355704.469, 213066.358 355709.067, 213053.961 355716.183, 213038.56300000002 355723.327, 213026.08399999997 355727.492, 213006.65000000002 355732.311, 212973.40399999998 355738.388, 212929.88799999998 355747.146, 212886.887 355753.709, 212855.104 355757.597, 212837.28000000003 355760.727, 212813.473 355761.12, 212794.89732491292 355761.1865911234)",,,,,,,,,,,,,,,,,,,,,,,
71,19402,5000305.0,A,LOUGH SHORE ROAD,30597.0,0.0,2006-11-07,A0046,109515,0,0,,1,1466.6667,220.728,0.1505,0,"LINESTRING (203187.049 358297.408, 203130.90399999998 358280.548, 203106.10100000002 358272.962, 203059.04100000003 358258.45, 203012.875 358245.095, 202976.65999999997 358230.994)",,,,,,,,,,,,,,,,,,,,,,,
72,19403,5000296.0,A,LOUGH SHORE ROAD,30597.0,0.0,2006-11-07,A0046,104294,0,0,,1,1466.6667,355.887,0.2427,0,"LINESTRING (213458.42871886925 354997.69745431375, 213456.613 354977.063, 213454.90399999998 354961.878)",,,,,,,,,,,,,,,,,,,,,,,
73,19420,5000288.0,A,LOUGH SHORE ROAD,30597.0,0.0,2006-11-07,A0046,78482,0,0,,1,1466.6667,417.3576,0.2846,0,"LINESTRING (200570.24267628833 357980.3106273961, 200565.45799999998 357979.605, 200522.40600000002 357969.621, 200474.73700000002 357956.972, 200458.973 357954.038, 200453.40899999999 357951.679)",,,,,,,,,,,,,,,,,,,,,,,
74,19428,5000293.0,A,LOUGH SHORE ROAD,30597.0,0.0,2006-11-07,A0046,52612,0,0,,1,1466.6667,520.3509,0.3548,0,"LINESTRING (216852.12374161254 352615.93227585766, 216848.213 352618.2, 216830.776 352629.104, 216800 352647.637, 216776.93300000002 352659.782, 216760.08299999998 352669.4, 216748.293 352677.242, 216737.96500000003 352682.642, 216714.59000000003 352697.328, 216708.77261139647 352700.92207722605)",,,,,,,,,,,,,,,,,,,,,,,
75,19433,5000286.0,A,LOUGH SHORE ROAD,30597.0,0.0,2006-11-07,A0046,31979,0,0,,1,1466.6667,5059.9282,3.45,0,"MULTILINESTRING ((208129.32422253126 358275.67864990846, 208136.96000000002 358276.992, 208159.077 358279.53, 208188.05 358281.915, 208208.16600000003 358282.005, 208225.479 358282.147, 208245.794 358281.538, 208264.908 358278.728, 208290.827 358275.665, 208318.598 358273.351, 208342.41600000003 358271.388, 208358.027 358268.582, 208362.39929127658 358267.38726332376), (209282.41611935842 358164.31726498477, 209305.48100000003 358173.353, 209321.771 358179.902, 209347.45799999998 358187.025, 209372.91700000002 358192.794, 209397.636 358194.843, 209414.62574791448 358195.99195294507), (209551.02119910016 358229.886652298, 209564.33000000002 358239.541, 209579.625 358251.199, 209588.533 358258.246, 209595.04100000003 358262.31, 209600.001 358265.057, 209614.33000000002 358270.862, 209633.283 358275.929, 209652.587 358280.996, 209672.939 358287.463, 209690.89 358295.531, 209706.191 358301.844, 209721.293 358307.408, 209734.245 358311.07, 209744.197 358313.129, 209750.8 358311.885, 209772.311 358306.504, 209789.56900000002 358303.019, 209802.276 358299.28, 209814.63 358299.292, 209816.07535551002 358299.33844541496))",,,,,,,,,,,,,,,,,,,,,,,
76,19445,5000288.0,A,LOUGH SHORE ROAD,30597.0,0.0,2006-11-07,A0046,109525,0,0,,1,1466.6667,976.2557,0.6656,0,"MULTILINESTRING ((200203.59399999998 357863.968, 200160.56800000003 357850.835, 200132.11200000002 357841.194, 200096.70899999997 357824.705, 200066.29342927926 357808.6627161916), (199966.6863711852 357790.4935292383, 199960.41600000003 357790.254, 199918.00799999997 357791.669, 199895.515 357791.826, 199872.277 357794.317, 199849.15000000002 357793.663, 199836.887 357792.122, 199807.614 357788.947, 199784.94 357780.604, 199757.511 357770.267, 199735.41700000002 357760.436, 199708.73599999998 357752.614, 199675.652 357742.566, 199650.34100000001 357738.769, 199624.26299999998 357735.707, 199592.887 357730.242, 199564.13 357723.778, 199542.43300000002 357716.604, 199522.224 357707.509, 199505.9395558473 357700.2651829233))",,,,,,,,,,,,,,,,,,,,,,,
77,19465,5009277.0,U,KINARLA PARK,30491.0,0.0,2006-11-07,U6307,114730,0,0,,1,533.3333,67.1281,0.1259,0,"LINESTRING (221689.564 345213.387, 221691.662 345212.169, 221695.33500000002 345210.07, 221699.47499999998 345207.738, 221702.799 345206.163, 221703.73100000003 345205.522, 221706.647 345203.889, 221708.804 345202.373, 221710.728 345200.974, 221711.711 345200, 221722.772 345189.486, 221730.827 345182.907, 221736.78399999999 345179.309, 221740.803 345176.895, 221744.19400000002 345175.049)",,,,,,,,,,,,,,,,,,,,,,,
78,19605,5000347.0,A,DERRYLIN ROAD,29989.0,0.0,2006-11-07,A0509,10935,0,0,,1,1466.6667,128.0265,0.0873,0,"LINESTRING (223251.652 340451.249, 223240.41700000002 340355.884, 223238.18285070654 340339.7102692962)",,,,,,,,,,,,,,,,,,,,,,,
79,21728,5000235.0,A,MOSSFIELD ROAD,22169.0,0.0,2006-11-07,A0032,104179,0,0,,1,1466.6667,369.6233,0.252,0,"LINESTRING (224140.91980256044 350359.67524717236, 224150.907 350400, 224158.738 350432.167, 224165.21500000003 350457.763, 224171.092 350479.271, 224175.907 350500.092, 224180.321081329 350517.4852035347)",,,,,,,,,,,,,,,,,,,,,,,
80,21774,0.0,A,LOUGH SHORE ROAD,30597.0,0.0,2006-11-07,A0046,109415,0,0,,1,1466.6667,690.1057,0.4705,0,"LINESTRING (202976.65999999997 358230.994, 202928.755 358215.778, 202897.376 358204.054, 202867.197 358192.487, 202830.97100000002 358180.486, 202799.788 358169.513, 202772.84399999998 358160.414, 202740.033 358145.681, 202692.093 358127.665, 202638.20400000003 358109.617, 202601.374 358098.363, 202573.575 358090.259, 202541.61599999998 358084.033, 202495.767 358076.43, 202459.349 358071.879, 202430.69 358065.421, 202410.4206968014 358060.1089763563)",,,,,,,,,,,,,,,,,,,,,,,
81,21813,5000218.0,A,IRVINESTOWN ROAD,30402.0,0.0,2006-11-07,A0032,160639,0,0,,1,1466.6667,1265.9132,0.8631,0,"LINESTRING (223639.30699999997 348012.322, 223639.71999999997 348000, 223641.717 347974.871, 223645.69900323544 347948.0634153297)",,,,,,,,,,,,,,,,,,,,,,,
82,23664,5000455.0,B,ENNISKILLEN ROAD,30133.0,0.0,2006-11-07,B0046,6047,0,0,,1,1066.6667,469.9484,0.4406,0,"LINESTRING (224305.96276483772 349836.69500654243, 224313.343 349842.355, 224335.01799999998 349860.367, 224363.95 349882.519, 224376.564 349893.595)",,,,,,,,,,,,,,,,,,,,,,,
83,25663,5000055.0,A,BELFAST ROAD,13812.0,0.0,2006-11-07,A0004,99351,0,0,,1,1466.6667,570.3678,0.3889,0,"LINESTRING (227085.375501618 341108.7944017747, 227102.626 341104.747, 227142.413 341094.796, 227166.00199999998 341089.591)",,,,,,,,,,,,,,,,,,,,,,,
84,25665,0.0,A,BOA ISLAND ROAD,32505.0,0.0,2006-11-07,A0047,16496,0,0,,1,1466.6667,131.4241,0.0896,0,"LINESTRING (213993.48100000003 364471.812, 214015.21999999997 364483.487, 214050.40376199025 364497.4983988123)",,,,,,,,,,,,,,,,,,,,,,,
85,25695,5000030.0,A,DUBLIN ROAD,3106.0,0.0,2006-11-07,A0004,104442,0,0,,1,1466.6667,367.0574,0.2503,0,"LINESTRING (224481.65968123882 343094.47608096106, 224481.95799999998 343093.434, 224490.054 343068.581, 224494.05200000003 343055.079)",,,,,,,,,,,,,,,,,,,,,,,
86,27293,5009357.0,U,CORBAN AVENUE,11415.0,0.0,2006-11-07,U6501,94052,0,0,,1,533.3333,39.9556,0.0749,0,"LINESTRING (223400 345209.621, 223404.47999999998 345200, 223408.691 345192.657, 223413.82799999998 345185.376, 223418.21399999998 345180.689, 223420.86 345178.038, 223422.14500000002 345176.774)",,,,,,,,,,,,,,,,,,,,,,,
87,27308,5000218.0,A,IRVINESTOWN ROAD,30402.0,0.0,2006-11-07,A0032,63193,0,0,,1,1466.6667,127.8264,0.0872,0,"LINESTRING (223612.321 348399.49, 223597.604 348429.658, 223590.0033835128 348445.6016096058)",,,,,,,,,,,,,,,,,,,,,,,
88,27333,5000055.0,A,BELFAST ROAD,13812.0,0.0,2006-11-07,A0004,78623,0,0,,1,1466.6667,321.5452,0.2192,0,"LINESTRING (227166.00199999998 341089.591, 227209.028 341079.12, 227235.06900000002 341074.012, 227263.663 341069.05, 227286.90000000002 341066.052, 227287.5657505311 341065.9999599298)",,,,,,,,,,,,,,,,,,,,,,,
89,40569,5000987.0,C,GLENDURRAGH PARK,22420.0,22418.0,2006-11-07,C0409,42765,0,0,,1,666.6667,127.5251,0.1913,0,"LINESTRING (217895.413 363844.73, 217886.902 363832.39, 217885.79975289473 363831.03421841795)",,,,,,,,,,,,,,,,,,,,,,,
90,40572,5000987.0,C,CREVENISH ROAD,22420.0,0.0,2006-11-07,C0409,47935,0,0,,1,666.6667,108.1483,0.1622,0,"LINESTRING (217895.413 363844.73, 217901.51899999997 363852.852, 217911.15000000002 363862.878, 217925.10499999998 363870.947, 217945.662 363879.232, 217958.85700000002 363882.711, 217968.11547335246 363885.6648440552)",,,,,,,,,,,,,,,,,,,,,,,
91,78128,5009334.0,U,DERRIN PARK,4958.0,0.0,2006-11-07,U6501,12853,0,0,,1,533.3333,485.6374,0.9106,0,"LINESTRING (222935.00033949796 344933.9460255126, 222941.744 344938.734, 222956.53000000003 344943.699, 222967.35700000002 344946.031, 222976.505 344946.896, 222995.637 344945.151, 223025.03100000002 344942.043, 223054.71899999998 344937.21, 223072.79499999998 344933.919, 223082.653 344931.109, 223094.27899999998 344926.87, 223104.95500000002 344922.234, 223110.5760010553 344919.8389322881)",,,,,,,,,,,,,,,,,,,,,,,
92,79282,5009359.0,U,YOAN ROAD,912.0,0.0,2006-11-07,U6501,142014,0,0,,1,533.3333,114.9161,0.2155,0,"LINESTRING (223442.35600000003 345170.598, 223447.28100000002 345184.588, 223451.396 345193.972, 223455.67599999998 345200, 223455.762 345200.12, 223458.603 345202.699, 223461.70799999998 345204.546, 223466.059 345206.225, 223473.076 345207.286, 223509.29499999998 345210.3, 223516.57772319173 345210.9407921607)",,,,,,,,,,,,,,,,,,,,,,,
93,79544,5009538.0,U,WESLEY STREET,15542.0,0.0,2006-11-07,U6523,33829,0,0,,1,533.3333,43.2027,0.081,0,"LINESTRING (223310.96399999998 344279.561, 223305.326 344271.014, 223294.119 344251.744, 223288.602 344242.609)",,,,,,,,,,,,,,,,,,,,,,,
94,79545,5009538.0,U,WESLEY STREET,15542.0,0.0,2006-11-07,U6523,126708,0,0,,1,533.3333,27.6056,0.0518,0,"LINESTRING (223288.602 344242.609, 223286.78399999999 344239.596, 223282.94900000002 344231.425, 223276.39399999997 344217.866)",,,,,,,,,,,,,,,,,,,,,,,
95,79606,5009533.0,U,DARLING STREET,4754.0,0.0,2006-11-07,U6523,106178,0,0,,1,533.3333,66.5959,0.1249,0,"LINESTRING (223367.66700000002 344244.637, 223341.68099999998 344260.455, 223310.96399999998 344279.561)",,,,,,,,,,,,,,,,,,,,,,,
96,79607,5009533.0,U,DARLING STREET,4754.0,0.0,2006-11-07,U6523,121590,0,0,,1,533.3333,112.0184,0.21,0,"LINESTRING (223310.96399999998 344279.561, 223287.66700000002 344294.593, 223273.53000000003 344302.905, 223264.907 344306.769, 223209.641 344325.779)",,,,,,,,,,,,,,,,,,,,,,,
97,79746,5000984.0,U,CREVENISH ROAD,33096.0,0.0,2006-11-07,C0409,44137,0,0,,1,533.3333,580.5004,1.0884,0,"LINESTRING (218727.282 360162.605, 218706.37800000003 360166.819, 218689.277 360171.393, 218668.20799999998 360178.958, 218649.48599999998 360186.249, 218630.52899999998 360194.992, 218602.016 360207.832, 218585.20799999998 360216.452, 218579.5753088163 360219.1834148424)",,,,,,,,,,,,,,,,,,,,,,,
98,80969,5010983.0,U,VALLEY ROAD,35771.0,0.0,2006-11-07,,23364,0,0,,1,533.3333,292.0215,0.5475,0,"LINESTRING (219883.89399999997 354606.703, 219892.12699999998 354609.65, 219905.10600000003 354613.225, 219918.18099999998 354617.55, 219921.813338306 354618.7228018254)",,,,,,,,,,,,,,,,,,,,,,,
99,80970,5010983.0,U,VALLEY ROAD,35771.0,0.0,2006-11-07,,2530,0,0,,1,533.3333,629.487,1.1803,0,"MULTILINESTRING ((218996.87199999997 354472.22, 219018.96999999997 354464.873, 219052.31800000003 354453.976, 219076.66700000002 354447.481, 219100.46600000001 354444.883, 219120.565 354445.586, 219151.765 354450.739, 219171.3140298335 354453.82592819934), (219207.9719778624 354461.1098581314, 219225.48700000002 354465.574, 219240.21500000003 354469.458, 219256.452 354471.501, 219266.848 354471.911, 219300.452 354470.453, 219300.67907420674 354470.4465541413), (219617.7481567965 354463.6478323199, 219618.098 354463.821))",,,,,,,,,,,,,,,,,,,,,,,
100,81300,5009357.0,U,CORBAN AVENUE,11415.0,0.0,2006-11-07,U6501,147160,0,0,,1,533.3333,18.0715,0.0339,0,"LINESTRING (223394.80599999998 345226.93, 223400 345209.621)",,,,,,,,,,,,,,,,,,,,,,,
101,81301,5009357.0,U,CORBAN AVENUE,11415.0,0.0,2006-11-07,U6501,131833,0,0,,1,533.3333,21.2519,0.0398,0,"LINESTRING (223422.14500000002 345176.774, 223430.84100000001 345173.474, 223439.233 345170.746, 223442.35600000003 345170.598)",,,,,,,,,,,,,,,,,,,,,,,
102,81302,5009357.0,U,CORBAN AVENUE,11415.0,0.0,2006-11-07,U6501,157395,0,0,,1,533.3333,52.4327,0.0983,0,"LINESTRING (223472.088 345158.304, 223483.67078817182 345158.4035117155)",,,,,,,,,,,,,,,,,,,,,,,
103,81540,5009532.0,U,CHURCH STREET,8365.0,0.0,2006-11-07,U6523,85413,0,0,,1,533.3333,119.8042,0.2246,0,"MULTILINESTRING ((223367.66700000002 344244.637, 223385.49599999998 344234.062, 223400 344225.459, 223405.604 344222.305, 223412.85499999998 344217.774, 223422.06199999998 344212.379, 223428.45899999997 344208.292, 223434.36 344204.103, 223439.886 344199.636, 223443.79872495198 344196.1930249522), (223452.57596830145 344188.41929926845, 223455.41700000002 344185.73, 223460.647 344180.512, 223463.874 344176.006, 223464.40000000002 344175.343))",,,,,,,,,,,,,,,,,,,,,,,
104,85169,0.0,U,BROADMEADOW PLACE,13131.0,0.0,2006-11-07,,59989,0,0,,1,533.3333,90.9233,0.1705,0,"LINESTRING (223356.14500000002 344139.946, 223372.65999999997 344150.548, 223380.477 344153.742, 223388.017 344154.94, 223400 344153.259, 223418.04700000002 344131.635, 223411.11200000002 344118.387)",,,,,,,,,,,,,,,,,,,,,,,
105,85232,5009345.0,U,BRAESIDE PARK,13393.0,0.0,2006-11-07,U6501,142073,0,0,,1,533.3333,64.038,0.1201,0,"LINESTRING (223397.315 345049.969, 223400 345053.592, 223409.61099999998 345066.557, 223419.273 345078.788, 223422.44900000002 345081.116, 223426.59499999997 345081.1, 223432.68 345079.403, 223433.77205393589 345078.7381222519)",,,,,,,,,,,,,,,,,,,,,,,
106,85233,5009346.0,U,BRAESIDE PARK,13393.0,0.0,2006-11-07,U6501,75263,0,0,,1,533.3333,27.1522,0.0509,0,"LINESTRING (223374.28100000002 345064.291, 223379.20400000003 345061.302, 223388.69799999997 345055.103, 223393.798 345052.386, 223395.97999999998 345051.044, 223397.315 345049.969)",,,,,,,,,,,,,,,,,,,,,,,
107,85234,5009346.0,U,BRAESIDE PARK,13393.0,0.0,2006-11-07,U6501,75264,0,0,,1,533.3333,29.7087,0.0557,0,"LINESTRING (223408.99958958774 345039.18786009616, 223400 345047.804, 223397.315 345049.969)",,,,,,,,,,,,,,,,,,,,,,,
108,86470,5011032.0,U,ROSSIGH ROAD,35158.0,0.0,2006-11-07,,75400,0,0,,1,533.3333,194.0152,0.3638,0,"LINESTRING (218149.305 355842.237, 218135.092 355829.235, 218125.1588185484 355819.8311581769)",,,,,,,,,,,,,,,,,,,,,,,
109,86491,5009332.0,U,ROSS CLOSE,5930.0,0.0,2006-11-07,U6501,121798,0,0,,1,533.3333,61.7842,0.1158,0,"LINESTRING (223472.088 345158.304, 223464.788 345141.644, 223454.765 345122.286, 223449.50900000002 345109.018, 223447.74800000002 345101.702)",,,,,,,,,,,,,,,,,,,,,,,
110,86538,5016963.0,U,ROSCOR BRIDGE ROAD,35125.0,0.0,2006-11-07,C0710,49547,0,0,,1,533.3333,649.4551,1.2177,0,"LINESTRING (198616.11058310836 358930.62815044745, 198616.776 358914.066, 198619.45 358883.906, 198620.29643604328 358876.19821481354)",,,,,,,,,,,,,,,,,,,,,,,
111,88705,5009535.0,U,PAGET SQUARE,8995.0,0.0,2006-11-07,U6523,106204,0,0,,1,533.3333,58.5615,0.1098,0,"LINESTRING (223486.522 344146.569, 223469.273 344134.217, 223457.228 344125.446, 223451.135 344120.335, 223447.52899999998 344117.164, 223440.94799999997 344110.05)",,,,,,,,,,,,,,,,,,,,,,,
112,88706,5009535.0,U,PAGET SQUARE,8995.0,0.0,2006-11-07,U6523,38981,0,0,,1,533.3333,51.2367,0.0961,0,"LINESTRING (223440.94799999997 344110.05, 223434.977 344105.29, 223422.336 344095.84, 223400 344079.259)",,,,,,,,,,,,,,,,,,,,,,,
113,88708,5009527.0,U,PAGET LANE,8996.0,0.0,2006-11-07,U6523,136956,0,0,,1,533.3333,71.959,0.1349,0,"LINESTRING (223458.99231008184 344084.28671325353, 223456.505 344087.92, 223445.184 344103.876, 223440.94799999997 344110.05)",,,,,,,,,,,,,,,,,,,,,,,
114,90899,0.0,U,OLD ROSSORRY ROAD,526.0,0.0,2006-11-07,,157715,0,0,,1,533.3333,839.8633,1.5747,0,"LINESTRING (222293.87209503955 342654.7812670614, 222293.435 342654.305, 222286.46399999998 342642.492, 222279.59100000001 342631.528, 222272.669 342619.664, 222266.947 342608.103, 222263.26899999997 342598.896, 222261.885 342592.043, 222255.36800000002 342578.282, 222248.157 342561.868, 222246.249 342557.572, 222242.935 342550.108, 222239.55 342543.852, 222237.863 342538.449, 222237.12 342535.747, 222236.631 342530.747, 222236.28499999997 342528.995)",,,,,,,,,,,,,,,,,,,,,,,
115,90936,5011214.0,U,OLD ENNISKILLEN ROAD,34919.0,0.0,2006-11-07,,18555,0,0,,1,533.3333,570.3006,1.0693,0,"LINESTRING (226971.38621203022 341711.2085297205, 226977.581 341709.785, 227005.02899999998 341700.348, 227010.07276425566 341697.8448199881)",,,,,,,,,,,,,,,,,,,,,,,
116,91550,0.0,U,,33096.0,0.0,2006-11-07,,101470,0,0,,1,533.3333,216.528,0.406,0,"LINESTRING (218841.74399767575 360147.1568754423, 218828.267 360147.721, 218808.63900000002 360149.672, 218794.90399999998 360151.013, 218772.93699999998 360153.888, 218742.646 360159.298, 218727.282 360162.605)",,,,,,,,,,,,,,,,,,,,,,,
117,93632,0.0,U,,0.0,0.0,2006-11-07,,49788,0,0,,1,533.3333,45.4593,0.0852,0,"LINESTRING (223502.19300000003 344201.157, 223498.695 344204.962, 223492.403 344212.173, 223484.202 344220.849, 223478.59000000003 344227.165, 223474.365 344231.464, 223470.776 344233.842)",,,,,,,,,,,,,,,,,,,,,,,
118,93637,5009539.0,U,WELLINGTON PLACE,15553.0,0.0,2006-11-07,U6523,101486,0,0,,1,533.3333,52.4118,0.0983,0,"LINESTRING (223240.624 344238.589, 223233.43 344222.115, 223221.892 344196.777, 223217.99699999997 344191.456)",,,,,,,,,,,,,,,,,,,,,,,
119,93661,5009519.0,U,,0.0,0.0,2006-11-07,U6517,60171,0,0,,1,533.3333,25.3873,0.0476,0,"LINESTRING (223493.88799999998 344248.004, 223482.651 344225.239)",,,,,,,,,,,,,,,,,,,,,,,
120,93688,5016963.0,U,ROSCOR BRIDGE ROAD,35125.0,0.0,2006-11-07,C0710,101488,0,0,,1,533.3333,143.6075,0.2693,0,"LINESTRING (198640.54053857402 358661.1749992876, 198644.962 358649.538, 198664.83299999998 358594.571, 198679.75 358552.871, 198686.89299999998 358529.722)",,,,,,,,,,,,,,,,,,,,,,,
121,93751,5011005.0,U,,0.0,0.0,2006-11-07,,132268,0,0,,1,533.3333,231.2891,0.4337,0,"LINESTRING (217919.098 357165.812, 217934.26799999998 357168.879, 217965.70799999998 357176.526, 218000 357184.228, 218039.549 357194.104, 218087.984 357204.809, 218128.83299999998 357212.631, 218144.81199999998 357216.098)",,,,,,,,,,,,,,,,,,,,,,,
122,93795,0.0,U,,0.0,0.0,2006-11-07,,23860,0,0,,1,533.3333,101.042,0.1895,0,"LINESTRING (221817.202 345117.67, 221829.43800000002 345119.373, 221839.691 345121.935, 221849.668 345124.593, 221857.82799999998 345126.338, 221864.29599999997 345127.092, 221870.37323797945 345127.2421131728)",,,,,,,,,,,,,,,,,,,,,,,
123,94028,5009518.0,U,,0.0,0.0,2006-11-07,U6517,80625,0,0,,1,533.3333,31.294,0.0587,0,"LINESTRING (223521.89299999998 344234.047, 223515.64899999998 344237.385, 223493.88799999998 344248.004)",,,,,,,,,,,,,,,,,,,,,,,
124,95553,5009516.0,U,MARKET STREET,11812.0,0.0,2006-11-07,U6517,34241,0,0,,1,533.3333,16.5519,0.031,0,"LINESTRING (223515.961 344210.264, 223512.977 344207.671, 223502.19300000003 344201.157)",,,,,,,,,,,,,,,,,,,,,,,
125,95554,5009516.0,U,MARKET STREET,11812.0,0.0,2006-11-07,U6517,34242,0,0,,1,533.3333,45.8028,0.0859,0,"LINESTRING (223502.19300000003 344201.157, 223497.065 344197.627, 223490.093 344193.011, 223482.548 344188.191, 223475.59999999998 344183.825, 223470.847 344180.497, 223468.234 344178.457, 223464.40000000002 344175.343)",,,,,,,,,,,,,,,,,,,,,,,
126,95555,5009516.0,U,MARKET STREET,11812.0,0.0,2006-11-07,U6517,91068,0,0,,1,533.3333,89.7753,0.1683,0,"MULTILINESTRING ((223566.66999999998 344311.732, 223560.67099999997 344303.347, 223554.22999999998 344293.685, 223549.109 344284.805, 223542.087 344271.964, 223539.64629674956 344267.5031494583), (223538.8455243774 344266.0395852707, 223536.47499999998 344261.707, 223533.804 344256.941, 223530.69300000003 344250.498, 223527.72600000002 344244.956, 223525.00699999998 344239.865, 223521.89299999998 344234.047))",,,,,,,,,,,,,,,,,,,,,,,
127,95733,5009341.0,U,LOUGHVIEW DRIVE,14064.0,0.0,2006-11-07,U6501,127156,0,0,,1,533.3333,122.4644,0.2296,0,"LINESTRING (223422.14500000002 345176.774, 223413.26 345155.701, 223402.69300000003 345126.163, 223400 345119.624, 223397.03499999997 345112.725, 223392.849 345101.566, 223387.92700000003 345089.339, 223383.37800000003 345079.932, 223379.06900000002 345072.372, 223374.28100000002 345064.291)",,,,,,,,,,,,,,,,,,,,,,,
128,95734,5009341.0,U,LOUGHVIEW DRIVE,14064.0,0.0,2006-11-07,U6501,8274,0,0,,1,533.3333,114.621,0.2149,0,"LINESTRING (223374.28100000002 345064.291, 223369.055 345058.647, 223357.489 345046.427, 223341.71399999998 345031.1, 223332.40899999999 345022.018, 223322.87800000003 345012.686, 223316.353 345005.492, 223311.10600000003 344998.917, 223305.175 344990.272, 223301.174 344982.894, 223299.50699999998 344978.429)",,,,,,,,,,,,,,,,,,,,,,,
129,95735,5009341.0,U,LOUGHVIEW DRIVE,14064.0,0.0,2006-11-07,U6501,132256,0,0,,1,533.3333,154.8033,0.2903,0,"LINESTRING (223299.50699999998 344978.429, 223295.402 344970.201, 223291.61800000002 344960.898, 223288.929 344950.542, 223287.18300000002 344938.609, 223286.331 344925.673, 223285.95 344911.037, 223285.85862396014 344905.7553840331)",,,,,,,,,,,,,,,,,,,,,,,
130,95987,0.0,U,VALLEY ROAD,35771.0,0.0,2006-11-07,,23672,0,0,,1,533.3333,6.5876,0.0124,0,"LINESTRING (219878.66600000003 354602.723, 219881.452 354605.139, 219883.89399999997 354606.703)",,,,,,,,,,,,,,,,,,,,,,,
131,98053,5010472.0,U,GRANSHAGH ROAD,33796.0,0.0,2006-11-07,,107005,0,0,,1,533.3333,479.1222,0.8984,0,"LINESTRING (222851.49935771443 340495.49353910616, 222904.09999999998 340512.425, 222938.07400000002 340524.074, 222969.5585903675 340534.7034803492)",,,,,,,,,,,,,,,,,,,,,,,
132,98112,5009495.0,U,LAKEVIEW PARK,1307.0,0.0,2006-11-07,U6514,132376,0,0,,1,533.3333,133.4268,0.2502,0,"LINESTRING (223359.093 343433.963, 223366.401 343421.43, 223379.56699999998 343399.716, 223390.47193093848 343381.29382774374)",,,,,,,,,,,,,,,,,,,,,,,
133,98113,0.0,U,LAKEVIEW PARK,1307.0,0.0,2006-11-07,,49889,0,0,,1,533.3333,85.7517,0.1608,0,"LINESTRING (223438.2689479849 343264.61354876176, 223445.657 343240.599)",,,,,,,,,,,,,,,,,,,,,,,
134,98393,0.0,U,,0.0,0.0,2006-11-07,,163221,0,0,,1,533.3333,8.1079,0.0152,0,"LINESTRING (223217.99699999997 344191.456, 223223.37 344185.384)",,,,,,,,,,,,,,,,,,,,,,,
135,98420,5010686.0,U,DRUMHIRK ROAD,33429.0,0.0,2006-11-07,,101631,0,0,,1,533.3333,263.217,0.4935,0,"LINESTRING (226522.522 337375.879, 226539.13726801495 337382.75953345146)",,,,,,,,,,,,,,,,,,,,,,,
136,98442,5010451.0,U,CLEENISH ROAD,32876.0,0.0,2006-11-07,,106753,0,0,,1,533.3333,383.0169,0.7182,0,"LINESTRING (225612.75849049815 338443.33293256257, 225614.521 338444.799, 225616.42200000002 338445.848, 225617.673 338447.747, 225620.675 338449.644, 225623.227 338452.892, 225625.57799999998 338455.44, 225628.48100000003 338458.487, 225630.983 338461.336, 225632.184 338463.285, 225633.885 338465.333, 225635.23599999998 338467.232, 225637.238 338469.781, 225639.89 338472.678, 225641.842 338475.377, 225643.543 338477.325, 225645.34499999997 338479.574, 225646.896 338481.572, 225648.647 338483.171, 225649.89899999998 338485.52, 225652.05099999998 338488.018, 225654.353 338491.166, 225659.006 338496.112, 225661.96000000002 338500.36, 225664.961 338504.007, 225667.51299999998 338506.605, 225670.36599999998 338510.153, 225672.467 338513.051, 225674.57 338516.049, 225677.021 338518.647, 225679.32299999997 338521.545, 225681.72499999998 338525.093, 225684.278 338528.541, 225686.43 338532.439, 225688.081 338536.337, 225689.13400000002 338539.086, 225689.836 338543.333, 225690.38799999998 338547.783, 225690.74 338552.232, 225690.59100000001 338556.281, 225690.593 338560.281, 225690.54499999998 338566.329, 225691.148 338572.228, 225691.84999999998 338577.376, 225693.00400000002 338582.925, 225694.15500000003 338587.523, 225696.05800000002 338592.771, 225699.36200000002 338599.317, 225701.113 338601.716, 225703.46600000001 338604.914, 225705.718 338608.711, 225708.12 338612.059, 225711.273 338616.757, 225715.727 338623.303, 225717.93 338627.95, 225722.33399999997 338633.647, 225727.088 338640.442, 225731.19199999998 338646.939, 225732.63629690453 338648.98044438835)",,,,,,,,,,,,,,,,,,,,,,,
137,100221,5009539.0,U,WELLINGTON PLACE,15553.0,0.0,2006-11-07,U6523,137485,0,0,,1,533.3333,35.8962,0.0673,0,"LINESTRING (223217.99699999997 344191.456, 223212.575 344191.703, 223184.124 344202.606)",,,,,,,,,,,,,,,,,,,,,,,
138,100345,5009515.0,U,MIDDLETON STREET,11553.0,0.0,2006-11-07,U6517,3196,0,0,,1,533.3333,53.928,0.1011,0,"LINESTRING (223510.61854987414 344172.29136237217, 223509.86800000002 344171.856, 223504.338 344168.598, 223490.93800000002 344160.494, 223480.776 344154.359)",,,,,,,,,,,,,,,,,,,,,,,
139,100347,0.0,U,,0.0,0.0,2006-11-07,,127314,0,0,,1,533.3333,51.2618,0.0961,0,"LINESTRING (223379.80099999998 344104.965, 223359.86700000003 344092.885, 223350.968 344087.306, 223345.385 344082.932, 223341.70899999997 344079.082, 223339.86599999998 344074.397)",,,,,,,,,,,,,,,,,,,,,,,
140,100556,5010436.0,U,,0.0,0.0,2006-11-07,,137540,0,0,,1,533.3333,129.8604,0.2435,0,"LINESTRING (223574.99599999998 338960.529, 223584.33299999998 338972.885, 223594.17200000002 338984.191, 223605.45899999997 338997.799, 223616.79499999998 339011.107, 223631.675 339030.967, 223640.71500000003 339040.773, 223650.256 339049.93, 223659.74699999997 339058.588)",,,,,,,,,,,,,,,,,,,,,,,
141,100571,0.0,U,,0.0,0.0,2006-11-07,,158036,0,0,,1,533.3333,83.5692,0.1567,0,"LINESTRING (223219.863 344280.46, 223219.162 344275.553, 223219.90000000002 344272.6, 223224.32799999998 344270.386, 223232.19900000002 344267.435, 223243.023 344262.269, 223255.322 344256.365, 223265.653 344250.462, 223274.50900000002 344245.296, 223279.674 344243.574, 223288.602 344242.609)",,,,,,,,,,,,,,,,,,,,,,,
142,102527,5009343.0,U,INNISKEEN CLOSE,3945.0,0.0,2006-11-07,U6501,44616,0,0,,1,533.3333,64.9159,0.1217,0,"LINESTRING (223299.50699999998 344978.429, 223304.147 344976.638, 223311.358 344974.213, 223317.04599999997 344971.943, 223322.103 344968.227, 223325.157 344963.47, 223326.38900000002 344958.944, 223327.28628999478 344953.40345207107)",,,,,,,,,,,,,,,,,,,,,,,
143,104701,5009531.0,U,HIGH STREET,4220.0,0.0,2006-11-07,U6523,91389,0,0,,1,533.3333,9.6799,0.0181,0,"LINESTRING (223480.776 344154.359, 223486.522 344146.569)",,,,,,,,,,,,,,,,,,,,,,,
144,104702,5009531.0,U,HIGH STREET,4220.0,0.0,2006-11-07,U6523,106951,0,0,,1,533.3333,73.7952,0.1384,0,"LINESTRING (223486.522 344146.569, 223492.876 344137.357, 223497.90535890716 344130.067954391)",,,,,,,,,,,,,,,,,,,,,,,
145,107434,0.0,U,FRIARS WAY,20303.0,0.0,2006-11-07,,44831,0,0,,1,533.3333,55.6453,0.1043,0,"MULTILINESTRING ((221722.06 344981.222, 221727.06300000002 344981.198, 221729.5206686633 344982.27064557717), (221735.36807076982 344985.8501347551, 221739.94199999998 344989.24, 221749.64267512684 344996.9633031476))",,,,,,,,,,,,,,,,,,,,,,,
146,107436,5017384.0,U,FRIARS WAY,20303.0,0.0,2006-11-07,,152969,0,0,,1,533.3333,24.4694,0.0459,0,"LINESTRING (221780.322 345087.906, 221781.351637861 345086.63268117857)",,,,,,,,,,,,,,,,,,,,,,,
147,109315,5011005.0,U,DUROSS ROAD,36728.0,0.0,2006-11-07,,65619,0,0,,1,533.3333,184.0106,0.345,0,"LINESTRING (217919.098 357165.812, 217918.821 357165.755, 217911.076 357161.896, 217901.98700000002 357154.034, 217884.162 357136.316, 217864.348 357111.497, 217838.148 357077.023, 217823.72499999998 357058.71, 217819.64 357048.458, 217815.12199999997 357026.663, 217813.28600000002 357020.677)",,,,,,,,,,,,,,,,,,,,,,,
148,109316,5011005.0,U,DUROSS ROAD,36728.0,0.0,2006-11-07,,137588,0,0,,1,533.3333,218.158,0.409,0,"LINESTRING (217813.28600000002 357020.677, 217810.04700000002 357010.114, 217807.01299999998 356998.965, 217806.17099999997 356993.366, 217813.499 356974.888, 217822.978 356956.514, 217830.95299999998 356939.886, 217832.98100000003 356921.549, 217832.73233127262 356917.3424602967)",,,,,,,,,,,,,,,,,,,,,,,
150,113322,0.0,U,,0.0,0.0,2006-11-07,,34788,0,0,,1,533.3333,1230.8253,2.3078,0,"LINESTRING (222633.33299999998 347956.685, 222636.36700000003 347959.249, 222642.697 347962.032, 222649.77899999998 347964.472, 222657.765206085 347967.9428144059)",,,,,,,,,,,,,,,,,,,,,,,
151,113389,5009524.0,U,,0.0,0.0,2006-11-07,U6519,117454,0,0,,1,533.3333,31.2401,0.0586,0,"LINESTRING (223376.61200000002 344429.126, 223371.89399999997 344413.25, 223365.57900000003 344400)",,,,,,,,,,,,,,,,,,,,,,,
152,113569,5009516.0,U,MARKET STREET,11812.0,0.0,2006-11-07,U6517,122586,0,0,,1,533.3333,24.5621,0.0461,0,"LINESTRING (223521.89299999998 344234.047, 223520.023 344229.086, 223518.38900000002 344222.227, 223517.082 344215.17, 223515.961 344210.264)",,,,,,,,,,,,,,,,,,,,,,,
153,113740,0.0,U,KILLADEAS ROAD,34030.0,0.0,2006-11-07,,19222,0,0,,1,533.3333,95.8692,0.1798,0,"LINESTRING (220447.5246858472 354104.6907690602, 220444.053 354102.349, 220439.09999999998 354099.705, 220433.299 354097.512, 220426.548 354097.669, 220416.20299999998 354102.228, 220400 354107.1, 220394.96000000002 354109.187, 220383.457 354114.926, 220376.36700000003 354119.26)",,,,,,,,,,,,,,,,,,,,,,,
154,115064,5016970.0,C,QUEEN ELIZABETH ROAD,6988.0,0.0,2006-11-07,C0709,34790,0,0,,1,666.6667,93.1922,0.1398,0,"LINESTRING (223566.66999999998 344311.732, 223571.63299999997 344305.337, 223580.26299999998 344295.915, 223589.278 344284.869, 223599.17700000003 344272.354, 223605.375 344264.268, 223606.67027171614 344262.11782176816)",,,,,,,,,,,,,,,,,,,,,,,
155,117132,5000688.0,B,KILLADEAS ROAD,34030.0,0.0,2006-11-07,B0082,112455,0,0,,1,1066.6667,285.4988,0.2677,0,"LINESTRING (219121.72499999998 360539.236, 219129.72499999998 360563.349, 219136.945 360579.672, 219142.977 360592.358, 219149.891 360608.084, 219154.2050427344 360619.8153614663)",,,,,,,,,,,,,,,,,,,,,,,
156,118724,5000599.0,B,MANOO ROAD,34473.0,0.0,2006-11-07,B0072,55720,0,0,,1,1066.6667,215.8926,0.2024,0,"LINESTRING (219121.72499999998 360539.236, 219133.35499999998 360551.814, 219149.439 360564.796, 219167.71999999997 360582.305, 219187.016 360601.254, 219196.249 360609.698, 219200 360611.825, 219231.963 360642.005, 219260.126 360668.198, 219279.749 360685.993)",,,,,,,,,,,,,,,,,,,,,,,
157,118725,5000599.0,B,MANOO ROAD,34473.0,0.0,2006-11-07,B0072,76415,0,0,,1,1066.6667,621.6482,0.5828,0,"LINESTRING (219279.749 360685.993, 219287.43494361264 360694.1477702329)",,,,,,,,,,,,,,,,,,,,,,,
158,118791,5000455.0,B,ENNISKILLEN ROAD,30133.0,0.0,2006-11-07,B0046,153494,0,0,,1,1066.6667,417.1557,0.3911,0,"LINESTRING (224376.564 349893.595, 224401.49200000003 349914.202, 224424.114 349930.664, 224461.457 349961.399, 224489.1302605761 349984.63058040134)",,,,,,,,,,,,,,,,,,,,,,,
159,118842,5000593.0,B,BROLLAGH ROAD,32593.0,0.0,2006-11-07,B0052,138154,0,0,,1,1066.6667,98.6698,0.0925,0,"LINESTRING (193923.73482010546 358625.80231182964, 193924.88400000002 358629.775)",,,,,,,,,,,,,,,,,,,,,,,
160,118926,5000675.0,B,MONEA ROAD,0.0,0.0,2006-11-07,B0081,24654,0,0,,1,1066.6667,47.3949,0.0444,0,"LINESTRING (221817.202 345117.67, 221792.447 345097.992, 221780.322 345087.906)",,,,,,,,,,,,,,,,,,,,,,,
161,118927,5000675.0,B,MONEA ROAD,0.0,0.0,2006-11-07,B0081,102256,0,0,,1,1066.6667,431.6156,0.4046,0,"MULTILINESTRING ((221780.322 345087.906, 221776.5768367806 345084.79115315026), (221738.50657822806 345053.32422460633, 221736.66600000003 345051.809, 221717.00300000003 345035.872, 221687.27899999998 345012.353, 221669.66600000003 344996.359, 221655.24699999997 344983.866, 221642.424 344974.936, 221624.36599999998 344964.136, 221607.78999999998 344955.548, 221600 344953.123, 221579.15399999998 344944.133, 221561.186 344937.18, 221532.87312297968 344931.53912995715))",,,,,,,,,,,,,,,,,,,,,,,
162,118987,5000693.0,B,KILLADEAS ROAD,34030.0,0.0,2006-11-07,B0082,3839,0,0,,1,1066.6667,360.5473,0.338,0,"LINESTRING (223177.85413989116 349814.3817144641, 223193.13199999998 349759.888, 223227.8388341744 349623.17436850263)",,,,,,,,,,,,,,,,,,,,,,,
163,120359,0.0,A,WELLINGTON ROAD,36968.0,0.0,2006-11-07,A0004,86701,0,0,,1,1466.6667,130.4352,0.0889,0,"LINESTRING (223400 344079.259, 223416.408 344054.758, 223439.233 344020.947, 223443.04123906695 344015.782381214)",,,,,,,,,,,,,,,,,,,,,,,
164,120360,0.0,A,WELLINGTON ROAD,36968.0,0.0,2006-11-07,A0004,148343,0,0,,1,1466.6667,42.2389,0.0288,0,"LINESTRING (223379.80099999998 344104.965, 223366.91700000002 344124.832, 223356.14500000002 344139.946)",,,,,,,,,,,,,,,,,,,,,,,
165,120361,0.0,A,WELLINGTON ROAD,36968.0,0.0,2006-11-07,A0004,122774,0,0,,1,1466.6667,26.6188,0.0181,0,"LINESTRING (223356.14500000002 344139.946, 223346.675 344153.319, 223340.723 344161.642)",,,,,,,,,,,,,,,,,,,,,,,
166,120422,5016967.0,A,QUEEN STREET,6982.0,0.0,2006-11-07,A0032,19403,0,0,,1,1466.6667,70.9007,0.0483,0,"LINESTRING (223442.174 344402.605, 223423.45400000003 344411.376, 223400 344422.234, 223376.61200000002 344429.126)",,,,,,,,,,,,,,,,,,,,,,,
167,120423,5016967.0,A,QUEEN STREET,6982.0,6824.0,2006-11-07,A0032,163846,0,0,,1,1466.6667,195.9606,0.1336,0,"LINESTRING (223376.61200000002 344429.126, 223357.03100000002 344433.633, 223343.571 344436.086, 223307.56199999998 344442.013, 223268.03999999998 344445.745, 223251.13400000002 344443.989, 223242.571 344440.476, 223234.447 344433.449, 223230.495 344425.107, 223226.104 344411.273, 223223.35100000002 344400, 223220.304 344386.693)",,,,,,,,,,,,,,,,,,,,,,,
168,120424,5016967.0,A,QUEEN STREET,6982.0,0.0,2006-11-07,A0032,153472,0,0,,1,1466.6667,61.607,0.042,0,"LINESTRING (223220.304 344386.693, 223211.33399999997 344347.75, 223206.29700000002 344326.7)",,,,,,,,,,,,,,,,,,,,,,,
169,120425,5016972.0,A,Q.ELIZABETH ROUNDABOUT,0.0,0.0,2006-11-07,,71213,0,0,,1,1466.6667,16.3898,0.0112,0,"LINESTRING (223455.255 344408.681, 223450.805 344409.827, 223447.25699999998 344408.85, 223444.885 344406.698, 223443.386 344404.298, 223442.174 344402.605)",,,,,,,,,,,,,,,,,,,,,,,
170,120426,5016972.0,A,Q.ELIZABETH ROUNDABOUT,0.0,0.0,2006-11-07,,60907,0,0,,1,1466.6667,19.1806,0.0131,0,"LINESTRING (223442.174 344402.605, 223441.441 344400, 223441.435 344399.977, 223441.02399999998 344397.76, 223440.761 344395.301, 223442.175 344392.959, 223443.637 344390.917, 223445.522 344389.279, 223447.60499999998 344387.892, 223448.934 344387.25)",,,,,,,,,,,,,,,,,,,,,,,
171,120427,5016972.0,A,Q.ELIZABETH ROUNDABOUT,0.0,0.0,2006-11-07,,117675,0,0,,1,1466.6667,16.0504,0.0109,0,"LINESTRING (223448.934 344387.25, 223451.63400000002 344387.191, 223454.479 344387.883, 223456.947 344388.972, 223459.38799999998 344390.662, 223461.075 344392.521, 223462.439 344394.304)",,,,,,,,,,,,,,,,,,,,,,,
172,120487,5000262.0,A,MAIN STREET,29107.0,0.0,2006-11-07,A0035,127860,0,0,,1,1466.6667,44.985,0.0307,0,"LINESTRING (217990.8438348127 363887.89981800166, 217992.359 363883.028, 217995.93300000002 363873.332, 217997.56020329028 363869.66909217543)",,,,,,,,,,,,,,,,,,,,,,,
173,120605,5000352.0,A,DERRYLIN ROAD,29989.0,0.0,2006-11-07,A0509,102234,0,0,,1,1466.6667,39.9964,0.0273,0,"LINESTRING (222067.54499999998 342640.418, 222074.298 342635.725, 222098.33299999998 342619.556, 222100.566 342617.858)",,,,,,,,,,,,,,,,,,,,,,,
174,120606,5000352.0,A,DERRYLIN ROAD,29989.0,0.0,2006-11-07,A0509,91850,0,0,,1,1466.6667,162.2507,0.1106,0,"LINESTRING (222100.566 342617.858, 222120.479 342604.407, 222141.586 342590.267, 222162.863 342575.726, 222200 342551.25, 222236.28499999997 342528.995)",,,,,,,,,,,,,,,,,,,,,,,
175,120636,0.0,A,CORNAGRADE ROAD,4514.0,0.0,2006-11-07,A0032,117702,0,0,,1,1466.6667,256.6771,0.175,0,"LINESTRING (223483.6861668019 344569.753339252, 223483.54599999997 344565.04, 223483.588 344545.37, 223483.505 344522.825, 223483.41999999998 344504.93, 223483.054 344493.682, 223481.762 344484.834, 223479.396 344474.534, 223474.93199999997 344461.509, 223466.728 344438.083, 223463.13799999998 344428.096, 223461.74099999998 344424.208, 223455.255 344408.681)",,,,,,,,,,,,,,,,,,,,,,,
176,120693,5016958.0,A,ANN STREET,2581.0,15506.0,2006-11-07,A0032,9051,0,0,,1,1466.6667,123.9869,0.0845,0,"LINESTRING (223206.29700000002 344326.7, 223183.615 344332.95, 223167.315 344336.617, 223151.876 344339.248, 223134.57 344340.504, 223126.90509987302 344341.343610021)",,,,,,,,,,,,,,,,,,,,,,,
177,120694,5016960.0,A,CASTLE STREET,22172.0,0.0,2006-11-07,A0004,71253,0,0,,1,1466.6667,69.3907,0.0473,0,"LINESTRING (223209.641 344325.779, 223199.521 344295.998, 223195.79100000003 344284.476, 223189.33299999998 344259.47)",,,,,,,,,,,,,,,,,,,,,,,
178,120714,0.0,A,,36968.0,0.0,2006-11-07,A0004,86738,0,0,,1,1466.6667,55.4145,0.0378,0,"LINESTRING (223189.33299999998 344259.47, 223218.36 344248.584, 223231.733 344242.932, 223240.624 344238.589)",,,,,,,,,,,,,,,,,,,,,,,
179,120730,0.0,A,,36968.0,0.0,2006-11-07,,133010,0,0,,1,1466.6667,131.2825,0.0895,0,"LINESTRING (223121.897622091 344286.29721991316, 223128.038 344283.783, 223156.30200000003 344271.884, 223189.33299999998 344259.47)",,,,,,,,,,,,,,,,,,,,,,,
180,120749,5000352.0,A,DERRYLIN ROAD,29989.0,0.0,2006-11-07,A0509,40241,0,0,,1,1466.6667,105.6862,0.0721,0,"LINESTRING (222022.40844618873 342670.9617341127, 222022.53000000003 342670.875, 222057.588 342647.07)",,,,,,,,,,,,,,,,,,,,,,,
181,120793,0.0,A,,36968.0,0.0,2006-11-07,A0004,138168,0,0,,1,1466.6667,85.6862,0.0584,0,"LINESTRING (223340.723 344161.642, 223340.53999999998 344161.899, 223323.21000000002 344180.101, 223313.457 344189.179, 223296.77000000002 344203.173, 223285.26400000002 344211.999, 223276.39399999997 344217.866)",,,,,,,,,,,,,,,,,,,,,,,
182,120801,0.0,A,,36968.0,0.0,2006-11-07,A0004,117732,0,0,,1,1466.6667,41.4083,0.0282,0,"LINESTRING (223276.39399999997 344217.866, 223263.685 344226.509, 223250.90600000002 344233.503, 223240.624 344238.589)",,,,,,,,,,,,,,,,,,,,,,,
183,123956,0.0,U,,35771.0,0.0,2006-11-07,,76398,0,0,,1,533.3333,51.493,0.0965,0,"LINESTRING (218802.50400000002 354402.907, 218799.321 354417.552, 218796.82299999997 354434.3, 218794.625 354453.749)",,,,,,,,,,,,,,,,,,,,,,,
184,123957,5010983.0,U,VALLEY ROAD,35771.0,0.0,2006-11-07,,102211,0,0,,1,533.3333,206.1965,0.3866,0,"LINESTRING (218794.625 354453.749, 218812.97499999998 354457.001, 218841.02500000002 354465.953, 218856.376 354471.905, 218878.425 354476.057, 218898.175 354478.159, 218919.825 354480.561, 218939.974 354479.713, 218957.923 354477.465, 218981.272 354473.818, 218992.472 354472.77, 218996.87199999997 354472.22)",,,,,,,,,,,,,,,,,,,,,,,
185,123958,0.0,U,,35771.0,0.0,2006-11-07,,3790,0,0,,1,533.3333,90.1795,0.1691,0,"LINESTRING (219860.47304581787 354614.55374054884, 219867.777 354610.111, 219874.798 354606.151, 219878.66600000003 354602.723)",,,,,,,,,,,,,,,,,,,,,,,
186,123959,0.0,U,VALLEY ROAD,35771.0,0.0,2006-11-07,,71218,0,0,,1,533.3333,218.7238,0.4101,0,"LINESTRING (218996.9807996211 354620.14762759703, 218993.836 354612.061, 218989.58500000002 354600.961, 218986.935 354595.061)",,,,,,,,,,,,,,,,,,,,,,,
187,123960,0.0,U,VALLEY ROAD,35771.0,0.0,2006-11-07,,112652,0,0,,1,533.3333,95.4047,0.1789,0,"LINESTRING (218986.935 354595.061, 218984.533 354578.712, 218982.081 354561.563, 218981.58000000002 354545.214, 218983.327 354524.816, 218984.72600000002 354509.966, 218985.075 354505.067, 218985.77500000002 354500.217)",,,,,,,,,,,,,,,,,,,,,,,
188,123961,0.0,U,,35771.0,0.0,2006-11-07,,122782,0,0,,1,533.3333,20.3551,0.0382,0,"LINESTRING (218766.47600000002 354453.596, 218780.47600000002 354453.247, 218786.825 354453.098)",,,,,,,,,,,,,,,,,,,,,,,
189,123962,0.0,U,VALLEY ROAD,35771.0,0.0,2006-11-07,,153475,0,0,,1,533.3333,54.4923,0.1022,0,"LINESTRING (218786.825 354453.098, 218791.42200000002 354426.35, 218795.071 354409.852, 218796.586 354399.999, 218796.65999999997 354399.518)",,,,,,,,,,,,,,,,,,,,,,,
190,132978,5009519.0,U,,0.0,0.0,2006-11-07,U6517,113128,0,0,,1,533.3333,22.7823,0.0427,0,"LINESTRING (223493.88799999998 344248.004, 223503.96399999998 344268.437)",,,,,,,,,,,,,,,,,,,,,,,
191,133237,0.0,U,,0.0,0.0,2006-11-07,,97578,0,0,,1,533.3333,7.6303,0.0143,0,"LINESTRING (198686.89299999998 358529.722, 198689.32299999997 358522.489)",,,,,,,,,,,,,,,,,,,,,,,
192,136352,5009524.0,U,,0.0,0.0,2006-11-07,U6519,76852,0,0,,1,533.3333,62.4369,0.1171,0,"LINESTRING (223337.947 344344.03, 223353.103 344376.368, 223365.387 344399.597, 223365.57900000003 344400)",,,,,,,,,,,,,,,,,,,,,,,
193,136446,0.0,U,,0.0,0.0,2006-11-07,,143668,0,0,,1,533.3333,250.1614,0.4691,0,"LINESTRING (221769.6018457064 342191.89986408845, 221793.27137032576 342177.85424109106)",,,,,,,,,,,,,,,,,,,,,,,
194,136935,0.0,U,LOUGH SHORE ROAD,30597.0,0.0,2006-11-07,,4333,0,0,,1,533.3333,97.3949,0.1826,0,"LINESTRING (221587.13299999997 345432.167, 221592.521 345425.266, 221600 345414.26, 221603.69799999997 345408.881, 221610.06900000002 345397.833, 221616.45899999997 345384.633, 221620.485 345375.321, 221621.213 345370.836, 221621.50799999997 345367.382, 221620.506 345364.098, 221617.61099999998 345359.721, 221614.17700000003 345354.527, 221608.57799999998 345348.368)",,,,,,,,,,,,,,,,,,,,,,,
195,136945,0.0,U,LOUGH SHORE ROAD,30597.0,0.0,2006-11-07,,128397,0,0,,1,533.3333,125.7975,0.2359,0,"LINESTRING (221578.92109999017 345443.24005570984, 221587.13299999997 345432.167)",,,,,,,,,,,,,,,,,,,,,,,
196,145897,0.0,U,VALLEY ROAD,35771.0,0.0,2006-11-07,,14991,0,0,,1,533.3333,30.3058,0.0568,0,"LINESTRING (218996.87199999997 354472.22, 218991.423 354482.268, 218987.32400000002 354492.868, 218985.77500000002 354500.217)",,,,,,,,,,,,,,,,,,,,,,,
197,163528,0.0,U,VALLEY ROAD,35771.0,0.0,2006-11-07,,98463,0,0,,1,533.3333,400.0535,0.7501,0,"LINESTRING (219618.0335444337 354463.58760991885, 219618.098 354463.821)",,,,,,,,,,,,,,,,,,,,,,,
198,173788,5009536.0,U,BROADMEADOW,36992.0,36993.0,2006-11-07,U6523,166646,0,0,,1,533.3333,12.6669,0.0238,0,"LINESTRING (223312.44 343871.043, 223316.89 343868.597, 223323.90999999997 343865.714)",,,,,,,,,,,,,,,,,,,,,,,
199,173789,5009536.0,U,BROADMEADOW,36992.0,0.0,2006-11-07,U6523,80404,0,0,,1,533.3333,207.8286,0.3897,0,"LINESTRING (223323.90999999997 343865.714, 223324.25900000002 343865.571, 223330.70899999997 343863.129, 223337.745 343861.831, 223346.353 343862.441, 223352.86099999998 343863.273, 223360.358 343865.294, 223368.435 343867.86, 223375.973 343871.48, 223380.72999999998 343874.48, 223385.322 343878.606, 223390.53600000002 343884.726, 223394.59999999998 343890.932, 223398.065 343897.195, 223400 343902.465, 223400.749 343904.505, 223402.90000000002 343909.984, 223406.11200000002 343920.958, 223408.532 343927.901, 223414.11200000002 343936.619, 223425.92200000002 343947.814, 223442.2446736241 343955.9739254265)",,,,,,,,,,,,,,,,,,,,,,,
200,200019,0.0,U,THE BEECHES,0.0,0.0,,,0,0,0,,1,533.3333,73.5582,0.1379,0,"LINESTRING (223488.2216857076 338917.0406087053, 223481.26762487297 338926.0192483274)",,,,,,,,,,,,,,,,,,,,,,,
201,200021,5010436.0,U,,17721.0,0.0,2006-11-07,,33781,0,0,,1,533.3333,93.498,0.1753,0,"LINESTRING (223536.22241410744 338914.17838093336, 223547.87800000003 338929.26, 223557.36599999998 338940.717, 223567.00400000002 338952.323, 223574.99599999998 338960.529)",,,,,,,,,,,,,,,,,,,,,,,
